Filename;HEX
brown (1).jpg;#E09E7C
brown (2).jpg;#CC926A
brown (3).jpg;#BC846B
brown (4).jpg;#CC835A
brown (5).jpg;#CE8467
brown (6).jpg;#B0964F
brown (7).jpg;#B7835C
brown (8).jpg;#C88D7D
brown (9).jpg;#B77F4C
brown (10).jpg;#CA8D71
brown (11).jpg;#B37B56
brown (12).jpg;#A77463
brown (13).jpg;#C98B74
brown (14).jpg;#C6997C
brown (15).jpg;#C18168
brown (16).jpg;#CE8F70
brown (17).jpg;#CA7846
brown (18).jpg;#C48156
brown (19).jpg;#B2724E
brown (20).jpg;#B9764B
brown (21).jpg;#A5663A
brown (22).jpg;#995C38
brown (23).jpg;#C08460
brown (24).jpg;#A1756C
brown (25).jpg;#BC8A73
brown (26).jpg;#C88D6D
brown (27).jpg;#CE9880
brown (28).jpg;#B67849
brown (29).jpg;#C78E7A
brown (30).jpg;#C58257
brown (31).jpg;#CB8D66
brown (32).jpg;#CA7F62
brown (33).jpg;#C49277
brown (34).jpg;#C87144
brown (35).jpg;#C38765
brown (36).jpg;#C38258
brown (37).jpg;#D28F62
brown (38).jpg;#AD6638
brown (39).jpg;#B2744F
brown (40).jpg;#B67652
brown (41).jpg;#B8854C
brown (42).jpg;#B16F4E
brown (43).jpg;#C4733B
brown (44).jpg;#B5836A
brown (45).jpg;#AC6343
brown (46).jpg;#BA673F
brown (47).jpg;#CDA069
brown (48).jpg;#D8946F
brown (49).jpg;#CF8B68
brown (50).jpg;#CA8B68
brown (51).jpg;#A7674E
brown (52).jpg;#C4805D
brown (53).jpg;#D99976
brown (54).jpg;#9E6946
brown (55).jpg;#C79887
brown (56).jpg;#D09376
brown (57).jpg;#A4645B
brown (58).jpg;#BF6E4B
brown (59).jpg;#A1705F
brown (60).jpg;#D28156
brown (61).jpg;#B77A53
brown (62).jpg;#A97357
brown (63).jpg;#C58A6C
brown (64).jpg;#D8A76C
brown (65).jpg;#C17E6B
brown (66).jpg;#C78378
brown (67).jpg;#C18B69
brown (68).jpg;#C17C68
brown (69).jpg;#A76F55
brown (70).jpg;#D69773
brown (71).jpg;#CC7D5D
brown (72).jpg;#D39976
brown (73).jpg;#B5723E
brown (74).jpg;#D2895E
brown (75).jpg;#B68063
brown (76).jpg;#D19781
brown (77).jpg;#D49167
brown (78).jpg;#DFB197
brown (79).jpg;#BC816A
brown (80).jpg;#D79B8B
brown (81).jpg;#C38B74
brown (82).jpg;#DC786F
brown (83).jpg;#DCAC90
brown (84).jpg;#9E6D62
brown (85).jpg;#A66650
brown (86).jpg;#B47157
brown (87).jpg;#C87A68
brown (88).jpg;#DA8F6F
brown (89).jpg;#C79584
brown (90).jpg;#CF9D84
brown (91).jpg;#B28F7B
brown (92).jpg;#D69E8F
brown (93).jpg;#C17C5C
brown (94).jpg;#DAA56B
brown (95).jpg;#C08C76
brown (96).jpg;#C28F74
brown (97).jpg;#A07457
brown (98).jpg;#BA836E
brown (99).jpg;#D38876
brown (100).jpg;#B58362
brown (101).jpg;#C48059
brown (102).jpg;#BD7953
brown (103).jpg;#AE7A55
brown (104).jpg;#A46950
brown (105).jpg;#B89574
brown (106).jpg;#C6977B
brown (107).jpg;#A9705F
brown (108).jpg;#C28863
brown (109).jpg;#B8785C
brown (110).jpg;#C07F60
brown (111).jpg;#B47B50
brown (112).jpg;#AA6E45
brown (113).jpg;#A2634B
brown (114).jpg;#9A6449
brown (115).jpg;#AE8B6E
brown (116).jpg;#CE8667
brown (117).jpg;#D1A38A
brown (118).jpg;#C6957E
brown (119).jpg;#D2A87B
brown (120).jpg;#BD7358
brown (121).jpg;#CE6B3A
brown (122).jpg;#BC8863
brown (123).jpg;#D08A68
brown (124).jpg;#C88163
brown (125).jpg;#B3765A
