Filename;Hex
foto (1).jpg;#EDCAAE
foto (2).jpg;#F1E3E2
foto (3).jpg;#E6BFB7
foto (4).jpg;#FBE7DF
foto (5).jpg;#FCCBAE
foto (6).jpg;#EEC3A5
foto (7).jpg;#EBCFCB
foto (8).jpg;#D0A8A0
foto (9).jpg;#E4C6BC
foto (10).jpg;#E2DCD5
foto (11).jpg;#ECD8CF
foto (12).jpg;#F2D5C9
foto (13).jpg;#F0C6B8
foto (14).jpg;#EEC6C1
foto (15).jpg;#FAE5D1
foto (16).jpg;#E3AF8A
foto (17).jpg;#FFDACB
foto (18).jpg;#FFDDCA
foto (19).jpg;#F0DCD2
foto (20).jpg;#FBE4CD
foto (21).jpg;#EFCFB9
foto (22).jpg;#E7AFA0
foto (23).jpg;#EFE0DA
foto (24).jpg;#EBD3C9
foto (25).jpg;#EED2AC
foto (26).jpg;#E5C2B4
foto (27).jpg;#F3E0C7
foto (28).jpg;#F8D4C1
foto (29).jpg;#EDBFA6
foto (30).jpg;#E6C4BB
foto (31).jpg;#FCE9E2
foto (32).jpg;#FCECED
foto (33).jpg;#E2CEBD
foto (34).jpg;#FCDDCA
foto (35).jpg;#FECFAD
foto (36).jpg;#E1BFA3
foto (37).jpg;#F5EDF1
foto (38).jpg;#F0D0C6
foto (39).jpg;#E6CEC2
foto (40).jpg;#FFDAB7
foto (41).jpg;#F9E5DC
foto (42).jpg;#EDB9A0
foto (43).jpg;#EEDBCD
foto (44).jpg;#D9CCD0
foto (45).jpg;#F0B7A7
foto (46).jpg;#D1ACA1
foto (47).jpg;#EFDDDB
foto (48).jpg;#F6D4C2
foto (49).jpg;#DDCAC6
foto (50).jpg;#EACED3
foto (51).jpg;#F4C0AB
foto (52).jpg;#FFDFCE
foto (53).jpg;#F2DFE0
foto (54).jpg;#E1C7B0
foto (55).jpg;#E5CFCA
foto (56).jpg;#F3EFF0
foto (57).jpg;#EFD6AD
foto (58).jpg;#F7DBCF
foto (59).jpg;#E9AC99
foto (60).jpg;#C0B7C4
foto (61).jpg;#F6D4CC
foto (62).jpg;#F9D5C7
foto (63).jpg;#FFD7C4
foto (64).jpg;#E9D3CD
foto (65).jpg;#F1C0A5
foto (66).jpg;#F9B28C
foto (67).jpg;#F4E7D7
foto (68).jpg;#FFDAC5
foto (69).jpg;#D3BEB8
foto (70).jpg;#F5D2BE
foto (71).jpg;#F5C5C0
foto (72).jpg;#ECBAB3
foto (73).jpg;#F6EDE8
foto (74).jpg;#FDD0BA
foto (75).jpg;#F9A88C
foto (76).jpg;#FFECBC
foto (77).jpg;#E6B7A7
foto (78).jpg;#EDBEA4
foto (79).jpg;#FCE1C7
foto (80).jpg;#E8DCDA
foto (81).jpg;#E7D4C6
foto (82).jpg;#F8E4C9
foto (83).jpg;#EFD8DB
foto (84).jpg;#BA9BA3
foto (85).jpg;#EAB098
foto (86).jpg;#F2D5C5
foto (87).jpg;#F6D1BC
foto (88).jpg;#E4D4D7
foto (89).jpg;#EDE3E2
foto (90).jpg;#F2E3CE
foto (91).jpg;#E0C6C1
foto (92).jpg;#EDD1B8
foto (93).jpg;#EDC5B1
foto (94).jpg;#E4BDB6
foto (95).jpg;#E8D2CB
foto (96).jpg;#C99E8B
foto (97).jpg;#E7C3AB
foto (98).jpg;#E5DCD2
foto (99).jpg;#F3CDB9
foto (100).jpg;#E3C4B9
foto (101).jpg;#E2CBC1
foto (102).jpg;#F9E9DF
foto (103).jpg;#F7E6DC
foto (104).jpg;#F3B898
foto (105).jpg;#E0C5BA
foto (106).jpg;#E3B89F
foto (107).jpg;#E5CAB9
foto (108).jpg;#E1CFC3
foto (109).jpg;#E9C2B5
foto (110).jpg;#EEBEA6
foto (111).jpg;#E5B8BB
foto (112).jpg;#F1B4A1
foto (113).jpg;#E1BDA2
foto (114).jpg;#E4CADD
foto (115).jpg;#EAABA1
foto (116).jpg;#ECC1A3
foto (117).jpg;#ECC6B2
foto (118).jpg;#F7D2E4
foto (119).jpg;#FAAA9F
foto (120).jpg;#F5E8DD
foto (121).jpg;#E0A892
foto (122).jpg;#E0BCB6
foto (123).jpg;#E3BDB9
foto (124).jpg;#E0BF96
foto (125).jpg;#EDC39F
