filename,R,G,B
white (1).jpg,176,198,231
white (10).jpg,161,175,214
white (100).jpg,136,148,172
white (101).jpg,162,185,226
white (102).jpg,160,164,188
white (103).jpg,175,182,203
white (104).jpg,182,205,225
white (105).jpg,159,179,206
white (106).jpg,157,187,221
white (107).jpg,137,160,200
white (108).jpg,145,156,200
white (109).jpg,175,186,216
white (11).jpg,164,174,199
white (110).jpg,126,143,188
white (111).jpg,136,159,195
white (112).jpg,175,190,210
white (113).jpg,170,190,242
white (114).jpg,161,176,219
white (115).jpg,152,169,214
white (116).jpg,187,201,230
white (117).jpg,94,101,158
white (118).jpg,142,170,235
white (119).jpg,166,187,212
white (12).jpg,181,190,221
white (120).jpg,148,174,221
white (121).jpg,148,165,193
white (123).jpg,151,171,206
white (124).jpg,146,168,213
white (126).jpg,140,155,213
white (127).jpg,142,168,208
white (128).jpg,161,184,224
white (129).jpg,153,165,200
white (13).jpg,57,60,86
white (130).jpg,137,150,205
white (131).jpg,155,182,226
white (133).jpg,157,178,218
white (136).jpg,127,140,218
white (137).jpg,178,196,224
white (138).jpg,117,140,193
white (139).jpg,129,159,202
white (14).jpg,55,63,92
white (140).jpg,160,173,213
white (141).jpg,138,161,218
white (142).jpg,66,98,142
white (15).jpg,153,169,221
white (16).jpg,183,206,239
white (17).jpg,126,157,214
white (19).jpg,104,116,149
white (2).jpg,182,191,213
white (20).jpg,170,194,236
white (21).jpg,49,56,87
white (22).jpg,157,192,235
white (23).jpg,49,63,112
white (24).jpg,155,171,219
white (25).jpg,183,192,217
white (26).jpg,177,185,225
white (27).jpg,66,94,174
white (28).jpg,154,168,210
white (29).jpg,,,
white (3).jpg,122,132,181
white (30).jpg,167,180,227
white (31).jpg,89,111,145
white (32).jpg,153,181,223
white (33).jpg,154,165,200
white (34).jpg,134,138,218
white (35).jpg,181,190,212
white (36).jpg,151,174,212
white (37).jpg,181,202,242
white (38).jpg,146,192,249
white (39).jpg,138,159,204
white (4).jpg,120,142,198
white (40).jpg,166,188,241
white (41).jpg,18,23,82
white (42).jpg,187,196,233
white (43).jpg,179,190,216
white (44).jpg,146,186,242
white (45).jpg,194,209,243
white (46).jpg,136,160,218
white (47).jpg,148,164,217
white (48).jpg,164,178,202
white (49).jpg,117,130,168
white (5).jpg,166,189,238
white (50).jpg,138,153,215
white (51).jpg,146,164,205
white (52).jpg,109,116,152
white (53).jpg,125,126,185
white (54).jpg,181,201,238
white (55).jpg,137,164,199
white (56).jpg,105,111,152
white (57).jpg,163,165,204
white (58).jpg,112,134,190
white (59).jpg,176,199,242
white (6).jpg,,,
white (60).jpg,176,183,211
white (61).jpg,153,178,215
white (62).jpg,163,173,200
white (63).jpg,169,176,212
white (64).jpg,179,192,215
white (65).jpg,143,186,217
white (66).jpg,181,197,239
white (67).jpg,143,171,224
white (68).jpg,154,169,194
white (69).jpg,182,195,234
white (7).jpg,78,114,168
white (70).jpg,174,192,234
white (71).jpg,173,193,243
white (72).jpg,186,192,219
white (73).jpg,140,172,226
white (74).jpg,193,202,239
white (75).jpg,116,154,219
white (76).jpg,164,179,215
white (77).jpg,99,128,175
white (78).jpg,129,155,215
white (8).jpg,56,58,96
white (80).jpg,141,159,186
white (81).jpg,155,181,222
white (82).jpg,173,181,222
white (83).jpg,164,175,222
white (84).jpg,148,154,211
white (85).jpg,172,198,243
white (86).jpg,108,144,219
white (87).jpg,160,213,251
white (88).jpg,159,173,216
white (89).jpg,136,144,208
white (9).jpg,151,159,193
white (90).jpg,185,215,250
white (91).jpg,167,180,199
white (92).jpg,148,166,206
white (93).jpg,145,167,198
white (94).jpg,178,209,237
white (95).jpg,163,170,202
white (96).jpg,145,155,196
white (97).jpg,128,132,164
white (98).jpg,139,160,212
white (99).jpg,170,189,230
